Category ID,Category
200001,CUTTER KNIVES
200002,BACK MILL
200003,BIT SUB
200004,C.BUSHING FS
200005,C.BUSHING SC
200006,CUTLIP SHOE
200007,CASING MILL
200008,DIE COLLAR
200009,DUAL SECTION MILL KNIVES
200010,D. MAGNET
200011,DRIVE SUB
200012,TRIPLE BUSHING
200013,DUAL SECTION MILL
200014,EXTERNAL CUTTER
200015,SLINGS
200016,RETRIEVE HOOK
200017,CARGO BASKET
200018,LIFTING PLATE
200019,LIFTING CAP
200020,FORKLIFT BOOM
200021,POOR BUOY
200022,CROSSOVER
200023,EXPANDABLE MILL
200024,F. INTENSIFIER
200025,F. BUMPERSUB
200026,F. JAR
200027,FOLLOW MILL
200028,F. MAGNET
200029,WIRE ROPE SPEAR
200030,FLEXIBLE SUB
200031,WASHOVERSHOE
200032,HOLLOW MILL GUIDE
200033,JUNK MILL FT
200034,JUNK MILL BLD
200035,JUNK SUB
200036,SECTION MILL KNIVES
200037,IMP. BLOCK
200039,OVERSHOT FS
200040,OVERSHOT SC
200041,OVERSHOT SH
200042,O.SHOT EXT SC
200043,O.SHOT EXT FS
200044,O.SHOT EXT SH
200045,O.SIZE GUIDE
200046,PILOT MILL
200047,PACKER MILL
200048,PONY COLLAR
200049,PRT
200050,RCJB
200051,GAUGE RING
200052,S.B.SPEAR
200053,SURFACE JAR
200054,SAFETY JOINT
200055,SKIRTED MILL
200056,STARTING MILL
200057,STRING MILL
200058,SECTION MILL
200059,SECTION MILL BOTTOM SUB
200060,SECTION MILL TOP SUB
200061,RELEASING SPEAR
200062,INTERNAL CASING CUTTER
200064,C.BUSHING SH
200065,LIFT PLUG
200066,O.S WALL H.G
200067,SD.ELEVATOR
200068,SLIP - DC
200069,SAFETY CLAMP
200070,TAPER TAP
200071,DRAIN IN SUB
200072,SCREW IN SUB
200073,WASHPIPE-SJ
200074,TAPER MILL
200075,WASHPIPE
200076,SPEAR EXT.
200078,SPEAR PACKOFF ASSY
200079,SHOCK SUB
200080,STRING STAB
200081,STOP COLLAR
200082,STOP RING
200083,STOP SUB
200084,WATERMELON MILL
200085,WINDOW MILL
200086,PACKOFF CUP
200087,BOWL
200088,BULL NOSE
200089,SPEAR GRAPPLE
200090,CUTLIP GUIDE
200091,BASKET GRAPPLE
200092,PLAIN CONTROL
200093,MILL CONTROL
200094,SPIRAL GRAPPLE
200095,SPIRAL GRAPPLE CONTROL
200096,TYPE-A-PACKOFF
200097,PERMANENT WHIPSTOCK
200098,COMPOSITE ROD
200099,CARBIDE
200100,TINNING ROD
200101,RECTANGULAR INSERT
200102,SQUARE INSERT
200103,OCTAGON INSERT
200104,FLUX POWER
200105,WELDING ROD
200106,PACKER ELEMENT
200107,ROLLER BRUSH
200108,PAINT BRUSH
200109,DRILL BIT
200110,HOSE
200111,CHAIN TONG
200112,LIFTING BELT
200113,CATCHER
200114,PAINT
200115,MASKING TAPE
200116,GREASE TAPE
200117,WARNING TAPE
200118,WD-40
200119,PAINT
200120,CHEMICAL
200121,DUCT TAPE
200122,GOJO
200123,PPE
200124,REDRESS KIT
200125,WHEEL CUP
200126,CUTTING DISK
200127,CUP BRUSH
200128,GRINDING WHEEL
200129,STRAP
200130,COTTON RAG
200131,GLOVES
200132,BUBLE ROLL
200133,JET LUBE
200134,COVERALL
200135,JACKET
200136,PLASTIC SHOE
200137,SAFETY SHOE
200138,NEAR BIT STABILIZER
200139,DRILL PIPE
200140,DRILL COLLAR
200141,TUBING
200142,DP.HANDLING TOOLS
200143,DC.HANDLING TOOLS
200144,H.W.DRILL PIPE
200145,TORQUE REDUCER SUBS
200146,TORQUE REDUCER CLAMPS
200147,DIVERTER
200148,DIVERTER ACCESSORIES
200149,MARINE RISERS
200150,DUAL VARIABLE RAMS
200151,AUTO DRILLER
200152,DRILLWELL
200153,ROLLER REAMER
200154,HOLE OPENER
200155,DUAL ACTION DRILLING REAMER
200156,HOLE STRAIGHTENER
200157,DOGLEG REAMER
200158,GUNDRILL REAMER
200159,HYPR HOLE SAVER
200160,INFLOW REDUCTION SUB
200161,SWIVEL MASTER
200162,WP HANDLING TOOLS
200163,KNUCKLEJOINT
200164,DAV MX
200165,ICWD
200166,CASING ROLLERS
200167,DRILLING JAR
200168,FLEX SUB
200169,REVERSING TOOL
200170,MILLING & RETRIEVING PACKER
200171,MILLING CASING/LINER
200172,PUP JOINT
200173,PINNING TOOL
200174,AUTO FILL SUB
200175,DRIFT CATCHER
200176,WHIPSTOCK
200177,DITCH MAGNET
200178,SWIVEL MASTER FREE ROTATION
200179,WASHPIPE-ADDITIONAL
200180,WASHOVER SHOE-ADDITIONAL
200181,CUTTER KNIVES-ADDITIONAL
200182,SCREW IN SUB VT-53
200183,PUB JOINTS
200184,FAST REAMER
200185,MILLING & RETRIEVING PACKER-1st TIME PREMIUM
200186,MILLING & RETRIEVING PACKER-2nd TIME PREMIUM
200187,MILLING & RETRIEVING PACKER-3RD TIME PREMIUM
200188,WHIPSTOCK RENTAL-FIRST MONTH
200189,MILLING EQUIPMENT RENTAL- FIRST MONTH
200190,WHIPSTOCK RENTAL-SECOND MONTH
200191,MILLING EQUIPMENT RENTAL- SECOND MONTH
200192,WHIPSTOCK SALE
200193,WHIPSTOCK RENTAL-BACKUP
200194,PACKER RETRIEVING TOOL
200195,SAVER SUB
200196,RETRIEVABLE WHIPSTOCK
200197,TRIPLE MILL
200198,BULL NUT FOR RELEASING SPEAR
200199,SUPER FISHING JAR
200200,SWIVEL MASTER ACCESSORIES
200201,SKID
200202,BENT SUB
200203,PBL SUB
200204,FLOAT SUB
200205,SCRUGRAB
200206,CASING SCRAPPER (ROTATING)
200207,STRING MAGNET
200208,FLOWLINE D.MAGNET
200209,BOP JETTING SUB
200210,JUNK FILTER SUB
200211,CONCAVE MILL
200212,ROUND NOSE MILL
200213,CASING SCRAPPER (NON-ROTATING)
200214,SCRAPPER
200215,JUNK MILL
200216,WALL HOOK GUIDE
200217,JUNK MILL-CARBIDE
200218,WASHOVER BACKOFF
200219,AGITATOR
200220,DRILLING INTENSIFIER
200221,DOWNHOLE MAGNET
200222,FILTER SUB
200223,SCREEN FOR FILTER SUB
200224,FILTER SUB - NON MAG
200225,SCREEN FOR NON MAG FILTER SUB
200226,FLOAT VALVE
200227,PLUNGER TYPE PORTED FLOAT VALVE
200228,FLAPPER TYPE NON PORTED FLOAT VALVE
200229,FLAPPER TYPE PORTED FLOAT VALVE
200230,LIFT SUB
200231,SURFACE PIPE SCREEN
200232,UBHO SUB
200233,NMDC - SLICK
200234,NMDC - FLEX TYPE
200235,NMDC - SPIRAL TYPE
200236,NMDC - SHORT
200237,MITIGATION TOOL
200238,MITIGATION TOOL - HI TOOL
200239,MITIGATION TOOL - NEO TORK
200240,MITIGATION TOOL - POSI TRACK
200241,MITIGATION TOOL - TOMAX
200242,DYNAMIC SENSOR & RECORDER
200243,DRILLING CASING SCRAPPER
200244,STRING STAB - NM
200245,NEARBIT STAB - NM
200246,TURBO BACK STAB
200247,NMDC - PONY
200248,PACKING ELEMENT
200249,SEAL KIT
200250,TOP SUB
200251,LOWER SUB
200252,CASING BRUSH (NON-ROTATING)
200253,CASING SCRAPPER (HEAVY DUTY)
200254,CASING BRUSH (HEAVY DUTY)
200256,CIRCULATING TOOL PORTED
200257,DRIFT SUBS
200258,VACCUM DEBRIS REMOVAL TOOL
200259,VACCUM DEBRIS REMOVAL TOOL-CHAMBER
200260,BI-DIRECTIONAL REAMER
200261,REAMER STABILIZER
200262,LANDING SUB
200263,PIPE RAMS
200264,SHEAR RAMS
200265,VARIABLE PIPE RAMS
200266,DSA
200267,ELEVATOR - DP
200268,ELEVATOR - DC
200269,KELLY COCK
200270,DRILL COLLAR - SHORT
200271,SPIRAL HWDP
200272,13-5/8' SINGLE BOP
200273,13-5/8' BOP - U TYPE
200274,"13-5/8"" DOUBLE BOP"
200275,"13-5/8"" DOUBLE VARIABLE RAMS"
200276,SLIP - DP
200277,ELEVATOR SLIP TYPE
200278,TUB-HANDLING TOOLS
200279,WASHOVERSHOE (IN PACKAGE)
200280,BALL VALVE
200281,BELL NIPPLE
200282,Hydro Quake
200283,TEST CAP
200284,CIRCULATING SUB - BALL/DART
200285,CIRCULATING SUB - FLOW
200286,FILTERATION TOOL
200293,BREAKOUT UNIT
200294,MANUAL TONG
200296,STABBING GUIDE
20252,ADAPTER SPOOL
20253,DRILLING SPOOL
20254,STUD AND BOLT
20255,RING GASKET
20256,SLIP - WASHPIPE
20257,ELEVATOR - SINGLE JOINT
20258,LIFTING SUB
ENG0001,FISHING ENGINEER
ENG0002,WHIPSTOCK ENGINEER
ENG0003,SWIVEL MASTER ENGINEER
ENG0004,DIVERTER TECHNICIAN
ENG0005,FIELD ENGINEER
ENG0006,TECHNICIAN FOR TORQUE SUBS
ENG0007,2nd FISHING ENGINEER
ENG0008,GENERAL
ENG0009,WELLBORE CLEANOUT SPECIALIST
ENG0010,TECHNICIAN FOR AUTO DRILLER
ENG0011,FISHING ENGINEER-ONSHORE